{
  "b":{
    "count":2126.0,
    "mean":878.4397930386,
    "std":894.0847476066,
    "min":0.0,
    "25%":55.0,
    "50%":538.0,
    "75%":1521.0,
    "max":3296.0
  },
  "e":{
    "count":2126.0,
    "mean":1702.8772342427,
    "std":930.9191427472,
    "min":287.0,
    "25%":1009.0,
    "50%":1241.0,
    "75%":2434.75,
    "max":3599.0
  },
  "AC":{
    "count":2126.0,
    "mean":2.7224835372,
    "std":3.5608502149,
    "min":0.0,
    "25%":0.0,
    "50%":1.0,
    "75%":4.0,
    "max":26.0
  },
  "FM":{
    "count":2126.0,
    "mean":7.2412982126,
    "std":37.1253090398,
    "min":0.0,
    "25%":0.0,
    "50%":0.0,
    "75%":2.0,
    "max":564.0
  },
  "UC":{
    "count":2126.0,
    "mean":3.6599247413,
    "std":2.8470935097,
    "min":0.0,
    "25%":1.0,
    "50%":3.0,
    "75%":5.0,
    "max":23.0
  },
  "DL":{
    "count":2126.0,
    "mean":1.570084666,
    "std":2.4992288114,
    "min":0.0,
    "25%":0.0,
    "50%":0.0,
    "75%":3.0,
    "max":16.0
  },
  "DS":{
    "count":2126.0,
    "mean":0.0032925682,
    "std":0.0572998389,
    "min":0.0,
    "25%":0.0,
    "50%":0.0,
    "75%":0.0,
    "max":1.0
  },
  "DP":{
    "count":2126.0,
    "mean":0.1260583255,
    "std":0.4643611013,
    "min":0.0,
    "25%":0.0,
    "50%":0.0,
    "75%":0.0,
    "max":4.0
  },
  "DR":{
    "count":2126.0,
    "mean":0.0,
    "std":0.0,
    "min":0.0,
    "25%":0.0,
    "50%":0.0,
    "75%":0.0,
    "max":0.0
  },
  "LB":{
    "count":2126.0,
    "mean":133.3038570085,
    "std":9.8408442577,
    "min":106.0,
    "25%":126.0,
    "50%":133.0,
    "75%":140.0,
    "max":160.0
  },
  "AC.1":{
    "count":2126.0,
    "mean":0.003178269,
    "std":0.003865591,
    "min":0.0,
    "25%":0.0,
    "50%":0.002,
    "75%":0.006,
    "max":0.019
  },
  "FM.1":{
    "count":2126.0,
    "mean":0.009480715,
    "std":0.0466658445,
    "min":0.0,
    "25%":0.0,
    "50%":0.0,
    "75%":0.003,
    "max":0.481
  },
  "UC.1":{
    "count":2126.0,
    "mean":0.0043664158,
    "std":0.0029460691,
    "min":0.0,
    "25%":0.002,
    "50%":0.004,
    "75%":0.007,
    "max":0.015
  },
  "DL.1":{
    "count":2126.0,
    "mean":0.0018894638,
    "std":0.0029602086,
    "min":0.0,
    "25%":0.0,
    "50%":0.0,
    "75%":0.003,
    "max":0.015
  },
  "DS.1":{
    "count":2126.0,
    "mean":0.0000032926,
    "std":0.0000572998,
    "min":0.0,
    "25%":0.0,
    "50%":0.0,
    "75%":0.0,
    "max":0.001
  },
  "DP.1":{
    "count":2126.0,
    "mean":0.0001585136,
    "std":0.0005899475,
    "min":0.0,
    "25%":0.0,
    "50%":0.0,
    "75%":0.0,
    "max":0.005
  },
  "ASTV":{
    "count":2126.0,
    "mean":46.9901222954,
    "std":17.1928137186,
    "min":12.0,
    "25%":32.0,
    "50%":49.0,
    "75%":61.0,
    "max":87.0
  },
  "MSTV":{
    "count":2126.0,
    "mean":1.332784572,
    "std":0.8832413341,
    "min":0.2,
    "25%":0.7,
    "50%":1.2,
    "75%":1.7,
    "max":7.0
  },
  "ALTV":{
    "count":2126.0,
    "mean":9.8466603951,
    "std":18.3968796752,
    "min":0.0,
    "25%":0.0,
    "50%":0.0,
    "75%":11.0,
    "max":91.0
  },
  "MLTV":{
    "count":2126.0,
    "mean":8.1876293509,
    "std":5.6282466041,
    "min":0.0,
    "25%":4.6,
    "50%":7.4,
    "75%":10.8,
    "max":50.7
  },
  "Width":{
    "count":2126.0,
    "mean":70.4459078081,
    "std":38.955692958,
    "min":3.0,
    "25%":37.0,
    "50%":67.5,
    "75%":100.0,
    "max":180.0
  },
  "Min":{
    "count":2126.0,
    "mean":93.5794920038,
    "std":29.5602122563,
    "min":50.0,
    "25%":67.0,
    "50%":93.0,
    "75%":120.0,
    "max":159.0
  },
  "Max":{
    "count":2126.0,
    "mean":164.0253998119,
    "std":17.9441831101,
    "min":122.0,
    "25%":152.0,
    "50%":162.0,
    "75%":174.0,
    "max":238.0
  },
  "Nmax":{
    "count":2126.0,
    "mean":4.0682031985,
    "std":2.9493856219,
    "min":0.0,
    "25%":2.0,
    "50%":3.0,
    "75%":6.0,
    "max":18.0
  },
  "Nzeros":{
    "count":2126.0,
    "mean":0.3236124177,
    "std":0.7060593732,
    "min":0.0,
    "25%":0.0,
    "50%":0.0,
    "75%":0.0,
    "max":10.0
  },
  "Mode":{
    "count":2126.0,
    "mean":137.4520225776,
    "std":16.3812892734,
    "min":60.0,
    "25%":129.0,
    "50%":139.0,
    "75%":148.0,
    "max":187.0
  },
  "Mean":{
    "count":2126.0,
    "mean":134.6105362183,
    "std":15.5935963326,
    "min":73.0,
    "25%":125.0,
    "50%":136.0,
    "75%":145.0,
    "max":182.0
  },
  "Median":{
    "count":2126.0,
    "mean":138.0903104421,
    "std":14.466588856,
    "min":77.0,
    "25%":129.0,
    "50%":139.0,
    "75%":148.0,
    "max":186.0
  },
  "Variance":{
    "count":2126.0,
    "mean":18.8080903104,
    "std":28.9776360084,
    "min":0.0,
    "25%":2.0,
    "50%":7.0,
    "75%":24.0,
    "max":269.0
  },
  "Tendency":{
    "count":2126.0,
    "mean":0.3203198495,
    "std":0.6108286301,
    "min":-1.0,
    "25%":0.0,
    "50%":0.0,
    "75%":1.0,
    "max":1.0
  },
  "A":{
    "count":2126.0,
    "mean":-0.6387582314,
    "std":0.7695885292,
    "min":-1.0,
    "25%":-1.0,
    "50%":-1.0,
    "75%":-1.0,
    "max":1.0
  },
  "B":{
    "count":2126.0,
    "mean":-0.4553151458,
    "std":0.8905398069,
    "min":-1.0,
    "25%":-1.0,
    "50%":-1.0,
    "75%":1.0,
    "max":1.0
  },
  "C":{
    "count":2126.0,
    "mean":-0.9501411101,
    "std":0.3118936151,
    "min":-1.0,
    "25%":-1.0,
    "50%":-1.0,
    "75%":-1.0,
    "max":1.0
  },
  "D":{
    "count":2126.0,
    "mean":-0.9238005644,
    "std":0.3829641,
    "min":-1.0,
    "25%":-1.0,
    "50%":-1.0,
    "75%":-1.0,
    "max":1.0
  },
  "E":{
    "count":2126.0,
    "mean":-0.9322671684,
    "std":0.3618556568,
    "min":-1.0,
    "25%":-1.0,
    "50%":-1.0,
    "75%":-1.0,
    "max":1.0
  },
  "AD":{
    "count":2126.0,
    "mean":-0.6876763876,
    "std":0.726188153,
    "min":-1.0,
    "25%":-1.0,
    "50%":-1.0,
    "75%":-1.0,
    "max":1.0
  },
  "DE":{
    "count":2126.0,
    "mean":-0.7629350894,
    "std":0.6466271896,
    "min":-1.0,
    "25%":-1.0,
    "50%":-1.0,
    "75%":-1.0,
    "max":1.0
  },
  "LD":{
    "count":2126.0,
    "mean":-0.8993414864,
    "std":0.4373498145,
    "min":-1.0,
    "25%":-1.0,
    "50%":-1.0,
    "75%":-1.0,
    "max":1.0
  },
  "FS":{
    "count":2126.0,
    "mean":-0.9350893697,
    "std":0.3544953882,
    "min":-1.0,
    "25%":-1.0,
    "50%":-1.0,
    "75%":-1.0,
    "max":1.0
  },
  "SUSP":{
    "count":2126.0,
    "mean":-0.8146754468,
    "std":0.5800535984,
    "min":-1.0,
    "25%":-1.0,
    "50%":-1.0,
    "75%":-1.0,
    "max":1.0
  },
  "CLASS":{
    "count":2126.0,
    "mean":4.5098777046,
    "std":3.0268828904,
    "min":1.0,
    "25%":2.0,
    "50%":4.0,
    "75%":7.0,
    "max":10.0
  },
  "NSP":{
    "count":2126.0,
    "mean":1.3043273754,
    "std":0.6143768486,
    "min":1.0,
    "25%":1.0,
    "50%":1.0,
    "75%":1.0,
    "max":3.0
  }
}