model,noniid_level,privacy_budget,final_round,final_accuracy,final_loss
FedNova,0.1,2.0,50,0.82083,0.23761
FedNova,0.5,2.0,50,0.72821,0.39243
FedProx,0.3,2.0,50,0.73032,0.37923
FedProx,0.1,2.0,50,0.77161,0.3145
FedProx,0.5,2.0,50,0.69468,0.43319
FedAvg,0.3,2.0,50,0.70269,0.40089
FedAvg,0.5,2.0,50,0.65435,0.50721
FedNova,0.3,2.0,50,0.76619,0.33146
FedAvg,0.1,2.0,50,0.73963,0.36727
