model,privacy_budget,noniid_level,final_round,final_accuracy,final_loss
FedNova,0.5,0.1,50,0.6753,0.44878
FedNova,2.0,0.1,50,0.82083,0.23761
FedProx,1.0,0.1,50,0.68298,0.45194
FedProx,0.5,0.1,50,0.62881,0.51964
FedProx,2.0,0.1,50,0.77161,0.3145
FedAvg,1.0,0.1,50,0.64928,0.49292
FedAvg,2.0,0.1,50,0.73963,0.36727
FedNova,1.0,0.1,50,0.71615,0.39294
FedAvg,0.5,0.1,50,0.60306,0.55436
